the_strokes,character
"<div class=""text16""><span class=""zi18b"">◎ 字形结构</span><br>[ <span class=""b"">首尾分解查字</span> ]：丨(shu)
<br>[ <span class=""b"">笔顺编号</span> ]：2<br>
[ <span class=""b"">笔顺读写</span> ]：竖<br>
<br><hr class=""hr""></div>","<div class=""content16"">
<span class=""zi18b"">◎ 基本解释</span><br>
丨 <br>gǔn <br>上下贯通。 <br> <br>笔画数：1； <br>部首：丨； <br>笔顺编号：2 <br><br><br>
</div>"
"<div class=""text16""><span class=""zi18b"">◎ 字形结构</span><br>[ <span class=""b"">首尾分解查字</span> ]：丬(pan)
<br>[ <span class=""b"">笔顺编号</span> ]：412<br>
[ <span class=""b"">笔顺读写</span> ]：捺横竖<br>
<br><hr class=""hr""></div>","<div class=""content16"">
<span class=""zi18b"">◎ 基本解释</span><br>
丬 <br>pán <br>古同“爿”。用作偏旁。 <br> <br>笔画数：3； <br>部首：丨； <br>笔顺编号：412 <br><br><br>
</div>"
"<div class=""text16""><span class=""zi18b"">◎ 字形结构</span><br>[ <span class=""b"">首尾分解查字</span> ]：乙十(yishi)
<br>[ <span class=""b"">笔顺编号</span> ]：5112<br>
[ <span class=""b"">笔顺读写</span> ]：折横横竖<br>
<br><hr class=""hr""></div>","<div class=""content16"">
<span class=""zi18b"">◎ 基本解释</span><br>
丮 <br>jǐ <br>握持。 <br> <br>笔画数：4； <br>部首：丨； <br>笔顺编号：5112 <br><br><br>
</div>"
"<div class=""text16""><span class=""zi18b"">◎ 字形结构</span><br>[ <span class=""b"">首尾分解查字</span> ]：乙一(yiheng)
<br>[ <span class=""b"">笔顺编号</span> ]：53212<br>
[ <span class=""b"">笔顺读写</span> ]：折撇竖横竖<br>
<br><hr class=""hr""></div>","<div class=""content16"">
<span class=""zi18b"">◎ 基本解释</span><br>
丱 <br>guàn <br>古代儿童束的上翘的两只角辫。 <br>年幼。 <br> <br>丱 <br>kuàng <br>古同“矿”。 <br> <br>笔画数：5； <br>部首：丨； <br>笔顺编号：53212 <br><br><br>
</div>"
"<div class=""text16""><span class=""zi18b"">◎ 字形结构</span><br>[ <span class=""b"">首尾分解查字</span> ]：乙丨(yishu)
<br>[ <span class=""b"">笔顺编号</span> ]：52<br>
[ <span class=""b"">笔顺读写</span> ]：折竖<br>
<br><hr class=""hr""></div>","<div class=""content16"">
<span class=""zi18b"">◎ 基本解释</span><br>
丩 <br>jiū <br>古同“纠”。 <br> <br>笔画数：2； <br>部首：丨； <br>笔顺编号：52 <br><br><br>
</div>"
"<div class=""text16""><span class=""zi18b"">◎ 字形结构</span><br>[ <span class=""b"">首尾分解查字</span> ]：串丿(chuanpie)
<br>[ <span class=""b"">笔顺编号</span> ]：25125132<br>
[ <span class=""b"">笔顺读写</span> ]：竖折横竖折横撇竖<br>
<br><hr class=""hr""></div>","<div class=""content16"">
<span class=""zi18b"">◎ 基本解释</span><br>
丳 <br>chǎn <br>烤肉用的铁扦。 <br> <br>笔画数：8； <br>部首：丨； <br>笔顺编号：25125132 <br><br><br>
</div>"
"<div class=""text16""><span class=""zi18b"">◎ 字形结构</span><br>[ <span class=""b"">首尾分解查字</span> ]：彡丨(shanshu)
<br>[ <span class=""b"">笔顺编号</span> ]：3332<br>
[ <span class=""b"">笔顺读写</span> ]：撇撇撇竖<br>
<br><hr class=""hr""></div>","<div class=""content16"">
<span class=""zi18b"">◎ 基本解释</span><br>
丯 <br>jiè <br>野草的古称。 <br> <br>笔画数：4； <br>部首：丨； <br>笔顺编号：3332 <br><br><br>
</div>"
"<div class=""text16""><span class=""zi18b"">◎ 字形结构</span><br>[ <span class=""b"">首尾分解查字</span> ]：三丨(sanshu)
　[ <span class=""b"">汉字部件构造</span> ]：丰
<br>[ <span class=""b"">笔顺编号</span> ]：1112<br>
[ <span class=""b"">笔顺读写</span> ]：横横横竖<br>
<br><hr class=""hr""></div>","<div class=""content16"">
<span class=""zi18b"">◎ 基本解释</span><br>
丰 <br>（豐） <br>fēng <br>容貌好看：丰润。丰腴（a.身体丰满；b.富裕；c.丰饶）。丰盈。 <br>风度神采：丰采（亦作“风采”）。丰度（美好的举止姿态，风度）。 <br>盛，多，大：丰盛。丰碑（高大的石碑，喻不朽的杰作或伟大的功绩）。丰富。丰沛。丰饶。 <br>姓。 <br>歉 <br> <br>笔画数：4； <br>部首：丨； <br>笔顺编号：1112 <br><br><br>
</div>"
"<div class=""text16""><span class=""zi18b"">◎ 字形结构</span><br>[ <span class=""b"">首尾分解查字</span> ]：吕丨(lvshu)
　[ <span class=""b"">汉字部件构造</span> ]：串
<br>[ <span class=""b"">笔顺编号</span> ]：2512512<br>
[ <span class=""b"">笔顺读写</span> ]：竖折横竖折横竖<br>
<br><hr class=""hr""></div>","<div class=""content16"">
<span class=""zi18b"">◎ 基本解释</span><br>
串 <br>chuàn <br>多个同类东西连贯在一起：串讲。贯串。 <br>连贯起来的东西：串珠。串铃。 <br>错误地连接：串行（h俷g ）。串味。串换。 <br>互相勾通、勾结：串气。串供。串通一气。 <br>由这里到那里走动：串乡。串门儿。 <br>扮演戏剧角色：串演。客串。 <br>量词，用于连贯起来的东西：一串儿葡萄。 <br> <br>笔画数：7； <br>部首：丨； <br>笔顺编号：2512512 <br><br><br>
</div>"
"<div class=""text16""><span class=""zi18b"">◎ 字形结构</span><br>[ <span class=""b"">首尾分解查字</span> ]：上卜(shangbu)
　[ <span class=""b"">汉字部件构造</span> ]：卡
<br>[ <span class=""b"">笔顺编号</span> ]：21124<br>
[ <span class=""b"">笔顺读写</span> ]：竖横横竖捺<br>
<br><hr class=""hr""></div>","<div class=""content16"">
<span class=""zi18b"">◎ 基本解释</span><br>
卡 <br>qiǎ <br>在交通要道设置的检查或收税的地方：关卡。卡子。 <br>夹东西的器具：发（f?）卡。领带卡。 <br>夹在中间，堵塞：卡壳。鱼刺卡在嗓子里。 <br> <br>卡 <br>kǎ <br>用手的虎口紧紧按住：卡脖子。 <br>把人阻挡住：卡住敌人的退路。 <br>机械工程的专用工具：卡钳。卡尺。卡规。 <br> <br>笔画数：5； <br>部首：丨； <br>笔顺编号：21124 <br><br><br>
</div>"
"<div class=""text16""><span class=""zi18b"">◎ 字形结构</span><br>[ <span class=""b"">首尾分解查字</span> ]：占乂(zhancha)
<br>[ <span class=""b"">笔顺编号</span> ]：21253341<br>
[ <span class=""b"">笔顺读写</span> ]：竖横竖折撇撇捺横<br>
<br><hr class=""hr""></div>","<div class=""content16"">
<span class=""zi18b"">◎ 基本解释</span><br>
卥 <br>xī <br>古同“西”。 <br> <br>笔画数：8； <br>部首：丨； <br>笔顺编号：21253341 <br><br><br>
</div>"
"<div class=""text16""><span class=""zi18b"">◎ 字形结构</span><br>[ <span class=""b"">首尾分解查字</span> ]：乙(yi)
<br>[ <span class=""b"">笔顺编号</span> ]：2<br>
[ <span class=""b"">笔顺读写</span> ]：竖<br>
<br><hr class=""hr""></div>","<div class=""content16"">
<span class=""zi18b"">◎ 基本解释</span><br>
亅 <br>jué <br>钩子。 <br> <br>笔画数：1； <br>部首：亅； <br>笔顺编号：2 <br><br><br>
</div>"
"<div class=""text16""><span class=""zi18b"">◎ 字形结构</span><br>[ <span class=""b"">首尾分解查字</span> ]：一巾(hengjin)
　[ <span class=""b"">汉字部件构造</span> ]：事
<br>[ <span class=""b"">笔顺编号</span> ]：12515112<br>
[ <span class=""b"">笔顺读写</span> ]：横竖折横折横横竖<br>
<br><hr class=""hr""></div>","<div class=""content16"">
<span class=""zi18b"">◎ 基本解释</span><br>
事 <br>shì <br>自然界和社会中的现象和活动：事情。事件。事业。 <br>变故：事故（出于某种原因而发生的不幸事情，如工作中的死伤等）。事端。 <br>职业：谋事（指找职业）。 <br>关系和责任：你走吧，没你的事了。 <br>办法：光着急也不是事儿，还得另找出路。 <br>做，治：不事生产。无所事事。 <br>服侍：事父母。 <br> <br>笔画数：8； <br>部首：亅； <br>笔顺编号：12515112 <br><br><br>
</div>"
"<div class=""text16""><span class=""zi18b"">◎ 字形结构</span><br>[ <span class=""b"">首尾分解查字</span> ]：乙(yi)
<br>[ <span class=""b"">笔顺编号</span> ]：5<br>
[ <span class=""b"">笔顺读写</span> ]：折<br>
<br><hr class=""hr""></div>","<div class=""content16"">
<span class=""zi18b"">◎ 基本解释</span><br>
乁 <br>yí <br>古同“移”。 <br> <br>乁 <br>jí <br>古同“及”。 <br> <br>笔画数：1； <br>部首：丿； <br>笔顺编号：5 <br><br><br>
</div>"
"<div class=""text16""><span class=""zi18b"">◎ 字形结构</span><br>[ <span class=""b"">首尾分解查字</span> ]：一巾(hengjin)
<br>[ <span class=""b"">笔顺编号</span> ]：1435112<br>
[ <span class=""b"">笔顺读写</span> ]：横捺撇折横横竖<br>
<br><hr class=""hr""></div>","<div class=""content16"">
<span class=""zi18b"">◎ 基本解释</span><br>
亊 <br>shì <br>古同“事”。 <br> <br>笔画数：7； <br>部首：亅； <br>笔顺编号：1435112 <br><br><br>
</div>"
"<div class=""text16""><span class=""zi18b"">◎ 字形结构</span><br>[ <span class=""b"">首尾分解查字</span> ]：丨口(shukou)
　[ <span class=""b"">汉字部件构造</span> ]：〢丶口口
<br>[ <span class=""b"">笔顺编号</span> ]：223142521<br>
[ <span class=""b"">笔顺读写</span> ]：竖竖撇横捺竖折竖横<br>
<br><hr class=""hr""></div>","<div class=""content16"">
<span class=""zi18b"">◎ 基本解释</span><br>
临 <br>（臨） <br>lín <br>从上向下看，在高处朝向低处：照临。临渊羡鱼（看着深潭里的鱼，很希望得到；喻只作空想，不做实际工作）。 <br>到，来：光临。莅临。亲临。 <br>遭遇，碰到：临时。面临。 <br>挨着，靠近：临近。临街。临终。临危。临阵磨枪。 <br>照样子摹仿字画：临摹。临帖。临写。 <br>旧时指帝王上朝：临朝。临政。 <br>姓。 <br> <br>笔画数：9； <br>部首：丨； <br>笔顺编号：223142521 <br><br><br>
</div>"
"<div class=""text16""><span class=""zi18b"">◎ 字形结构</span><br>[ <span class=""b"">首尾分解查字</span> ]：厂工(changgong)
　[ <span class=""b"">汉字部件构造</span> ]：丘
<br>[ <span class=""b"">笔顺编号</span> ]：32121<br>
[ <span class=""b"">笔顺读写</span> ]：撇竖横竖横<br>
<br><hr class=""hr""></div>","<div class=""content16"">
<span class=""zi18b"">◎ 基本解释</span><br>
丘 <br>qiū <br>小土山：土丘。沙丘。丘陵。丘壑。 <br>像小土山凸起的：丘疹。 <br>坟墓：丘墓（大墓）。丘垄。 <br>量词，指用田塍隔开的水田：一丘十亩大的小田。 <br>众人聚居的地方：丘民（乡民，邑民）。 <br>用砖石封闭有尸体的棺材。 <br>姓。 <br> <br>笔画数：5； <br>部首：丿； <br>笔顺编号：32121 <br><br><br>
</div>"
"<div class=""text16""><span class=""zi18b"">◎ 字形结构</span><br>[ <span class=""b"">首尾分解查字</span> ]：丿(pie)
<br>[ <span class=""b"">笔顺编号</span> ]：3<br>
[ <span class=""b"">笔顺读写</span> ]：撇<br>
<br><hr class=""hr""></div>","<div class=""content16"">
<span class=""zi18b"">◎ 基本解释</span><br>
丿 <br>piě <br>古同“撇”，汉字主要笔画之一，自右上向左下斜。 <br> <br>笔画数：1； <br>部首：丿； <br>笔顺编号：3 <br><br><br>
</div>"
"<div class=""text16""><span class=""zi18b"">◎ 字形结构</span><br>[ <span class=""b"">首尾分解查字</span> ]：九丶(jiudian)
　[ <span class=""b"">汉字部件构造</span> ]：丸
<br>[ <span class=""b"">笔顺编号</span> ]：354<br>
[ <span class=""b"">笔顺读写</span> ]：撇折捺<br>
<br><hr class=""hr""></div>","<div class=""content16"">
<span class=""zi18b"">◎ 基本解释</span><br>
丸 <br>wán <br>小而圆的东西：弹（d刵 ）丸。肉丸儿。 <br>专指“药丸”：丸散膏丹。丸药。 <br>量词，用于丸药：吃两丸儿。 <br> <br>笔画数：3； <br>部首：丿； <br>笔顺编号：354 <br><br><br>
</div>"
"<div class=""text16""><span class=""zi18b"">◎ 字形结构</span><br>[ <span class=""b"">首尾分解查字</span> ]：乙丿(yipie)
　[ <span class=""b"">汉字部件构造</span> ]：乃
<br>[ <span class=""b"">笔顺编号</span> ]：53<br>
[ <span class=""b"">笔顺读写</span> ]：折撇<br>
<br><hr class=""hr""></div>","<div class=""content16"">
<span class=""zi18b"">◎ 基本解释</span><br>
乃 <br>nǎi <br>才：今乃得之。“断其喉，尽其肉，乃去”。 <br>是，为：乃大丈夫也。 <br>竟：乃至如此。 <br>于是，就：“因山势高峻，乃在山腰休息片时”。 <br>你，你的：乃父。乃兄。“家祭无忘告乃翁”。 <br> <br>笔画数：2； <br>部首：丿； <br>笔顺编号：53 <br><br><br>
</div>"
"<div class=""text16""><span class=""zi18b"">◎ 字形结构</span><br>[ <span class=""b"">首尾分解查字</span> ]：丿七(pieqi)
<br>[ <span class=""b"">笔顺编号</span> ]：315<br>
[ <span class=""b"">笔顺读写</span> ]：撇横折<br>
<br><hr class=""hr""></div>","<div class=""content16"">
<span class=""zi18b"">◎ 基本解释</span><br>
乇 <br>tuō <br>委托。 <br> <br>乇 <br>zhé <br>草叶。 <br> <br>笔画数：3； <br>部首：丿； <br>笔顺编号：315 <br><br><br>
</div>"
"<div class=""text16""><span class=""zi18b"">◎ 字形结构</span><br>[ <span class=""b"">首尾分解查字</span> ]：冫(daoshui)
　[ <span class=""b"">汉字部件构造</span> ]：久
<br>[ <span class=""b"">笔顺编号</span> ]：354<br>
[ <span class=""b"">笔顺读写</span> ]：撇折捺<br>
<br><hr class=""hr""></div>","<div class=""content16"">
<span class=""zi18b"">◎ 基本解释</span><br>
久 <br>jiǔ <br>时间长：久远。久经。久已。久违（客套话，好久没见）。久仰（初次见面客套话，仰慕已久）。久别重逢。久而久之。 <br>时间的长短：住多久？三年之久。 <br>暂 <br> <br>笔画数：3； <br>部首：丿； <br>笔顺编号：354 <br><br><br>
</div>"
"<div class=""text16""><span class=""zi18b"">◎ 字形结构</span><br>[ <span class=""b"">首尾分解查字</span> ]：丿丿(piepie)
<br>[ <span class=""b"">笔顺编号</span> ]：343<br>
[ <span class=""b"">笔顺读写</span> ]：撇捺撇<br>
<br><hr class=""hr""></div>","<div class=""content16"">
<span class=""zi18b"">◎ 基本解释</span><br>
乊 <br>义未详。 <br> <br>笔画数：3； <br>部首：丿； <br>笔顺编号：343 <br><br><br>
</div>"
"<div class=""text16""><span class=""zi18b"">◎ 字形结构</span><br>[ <span class=""b"">首尾分解查字</span> ]：二(rener)
　[ <span class=""b"">汉字部件构造</span> ]：乍
<br>[ <span class=""b"">笔顺编号</span> ]：31211<br>
[ <span class=""b"">笔顺读写</span> ]：撇横竖横横<br>
<br><hr class=""hr""></div>","<div class=""content16"">
<span class=""zi18b"">◎ 基本解释</span><br>
乍 <br>zhà <br>忽然：乍冷乍热。乍暧还寒。 <br>刚，起初：新来乍到。 <br>张开，鼓起：乍着胆子（勉强鼓起勇气）。 <br>姓。 <br> <br>笔画数：5； <br>部首：丿； <br>笔顺编号：31211 <br><br><br>
</div>"
"<div class=""text16""><span class=""zi18b"">◎ 字形结构</span><br>[ <span class=""b"">首尾分解查字</span> ]：丿之(piezhi)
　[ <span class=""b"">汉字部件构造</span> ]：丿之
<br>[ <span class=""b"">笔顺编号</span> ]：3454<br>
[ <span class=""b"">笔顺读写</span> ]：撇捺折捺<br>
<br><hr class=""hr""></div>","<div class=""content16"">
<span class=""zi18b"">◎ 基本解释</span><br>
乏 <br>fá <br>缺少：乏味。贫乏。不乏其人。 <br>疲倦：乏困。乏累。疲乏。 <br>无能，无用：乏气。乏煤。 <br>累 <br> <br>笔画数：4； <br>部首：丿； <br>笔顺编号：3454 <br><br><br>
</div>"
"<div class=""text16""><span class=""zi18b"">◎ 字形结构</span><br>[ <span class=""b"">首尾分解查字</span> ]：丿丶(piedian)
<br>[ <span class=""b"">笔顺编号</span> ]：323334<br>
[ <span class=""b"">笔顺读写</span> ]：撇竖撇撇撇捺<br>
<br><hr class=""hr""></div>","<div class=""content16"">
<span class=""zi18b"">◎ 基本解释</span><br>
乑 <br>yín <br>众立的样子。 <br> <br>笔画数：6； <br>部首：丿； <br>笔顺编号：323334 <br><br><br>
</div>"
"<div class=""text16""><span class=""zi18b"">◎ 字形结构</span><br>[ <span class=""b"">首尾分解查字</span> ]：鳥几(niaoji)
<br>[ <span class=""b"">笔顺编号</span> ]：325111535<br>
[ <span class=""b"">笔顺读写</span> ]：撇竖折横横横折撇折<br>
<br><hr class=""hr""></div>","<div class=""content16"">
<span class=""zi18b"">◎ 基本解释</span><br>
鳬 <br>fú <br>古同“凫”。 <br> <br>笔画数：9； <br>部首：丿； <br>笔顺编号：325111535 <br><br><br>
</div>"
"<div class=""text16""><span class=""zi18b"">◎ 字形结构</span><br>[ <span class=""b"">首尾分解查字</span> ]：丘丶(qiudian)
　[ <span class=""b"">汉字部件构造</span> ]：丘丶
<br>[ <span class=""b"">笔顺编号</span> ]：321214<br>
[ <span class=""b"">笔顺读写</span> ]：撇竖横竖横捺<br>
<br><hr class=""hr""></div>","<div class=""content16"">
<span class=""zi18b"">◎ 基本解释</span><br>
乓 <br>pāng <br>象声词，形容枪声、关门声、东西砸破声等。 <br> <br>笔画数：6； <br>部首：丿； <br>笔顺编号：321214 <br><br><br>
</div>"
"<div class=""text16""><span class=""zi18b"">◎ 字形结构</span><br>[ <span class=""b"">首尾分解查字</span> ]：巾(changjin)
<br>[ <span class=""b"">笔顺编号</span> ]：3311252<br>
[ <span class=""b"">笔顺读写</span> ]：撇撇横横竖折竖<br>
<br><hr class=""hr""></div>","<div class=""content16"">
<span class=""zi18b"">◎ 基本解释</span><br>
乕 <br>hǔ <br>古同“虎”。 <br> <br>笔画数：7； <br>部首：丿； <br>笔顺编号：3311252 <br><br><br>
</div>"
"<div class=""text16""><span class=""zi18b"">◎ 字形结构</span><br>[ <span class=""b"">首尾分解查字</span> ]：禾艹(hecao)
<br>[ <span class=""b"">笔顺编号</span> ]：311221234<br>
[ <span class=""b"">笔顺读写</span> ]：撇横横竖竖横竖撇捺<br>
<br><hr class=""hr""></div>","<div class=""content16"">
<span class=""zi18b"">◎ 基本解释</span><br>
乗 <br>chéng <br>古同“乘”。 <br> <br>乗 <br>shèng <br>古同“乘”。 <br> <br>笔画数：9； <br>部首：丿； <br>笔顺编号：311221234 <br><br><br>
</div>"
"<div class=""text16""><span class=""zi18b"">◎ 字形结构</span><br>[ <span class=""b"">首尾分解查字</span> ]：乙丿(yipie)
　[ <span class=""b"">汉字部件构造</span> ]：九
<br>[ <span class=""b"">笔顺编号</span> ]：35<br>
[ <span class=""b"">笔顺读写</span> ]：撇折<br>
<br><hr class=""hr""></div>","<div class=""content16"">
<span class=""zi18b"">◎ 基本解释</span><br>
九 <br>jiǔ <br>数目，八加一（在钞票和单据上常用大写“玖”代）：九归。 <br>泛指多次或多数：九死一生。九霄云外。 <br> <br>笔画数：2； <br>部首：丿； <br>笔顺编号：35 <br><br><br>
</div>"
"<div class=""text16""><span class=""zi18b"">◎ 字形结构</span><br>[ <span class=""b"">首尾分解查字</span> ]：丿去(piequ)
　[ <span class=""b"">汉字部件构造</span> ]：丿土厶
<br>[ <span class=""b"">笔顺编号</span> ]：312154<br>
[ <span class=""b"">笔顺读写</span> ]：撇横竖横折捺<br>
<br><hr class=""hr""></div>","<div class=""content16"">
<span class=""zi18b"">◎ 基本解释</span><br>
丢 <br>diū <br>失去，遗落：丢失。丢人。丢盔卸甲。 <br>放下，抛开：丢弃。丢卒保车（j?）。 <br>拾 <br> <br>笔画数：6； <br>部首：丿； <br>笔顺编号：312154 <br><br><br>
</div>"
"<div class=""text16""><span class=""zi18b"">◎ 字形结构</span><br>[ <span class=""b"">首尾分解查字</span> ]：冂一(kuangheng)
　[ <span class=""b"">汉字部件构造</span> ]：册
<br>[ <span class=""b"">笔顺编号</span> ]：35351<br>
[ <span class=""b"">笔顺读写</span> ]：撇折撇折横<br>
<br><hr class=""hr""></div>","<div class=""content16"">
<span class=""zi18b"">◎ 基本解释</span><br>
册 <br>cè <br>古代称编串好的竹简，现在指装潢好的纸本子：纪念册。花名册。画册。 <br>量词，指书籍：一册书。 <br>古代帝王祭祀天地神仙的文书或封爵的诏书：册文（文体名，为册命、册书等诰命文字的一种。简称“册”）。册命。册封。 <br> <br>笔画数：5； <br>部首：丿； <br>笔顺编号：35351 <br><br><br>
</div>"
"<div class=""text16""><span class=""zi18b"">◎ 字形结构</span><br>[ <span class=""b"">首尾分解查字</span> ]：冂亠(kuanger)
　[ <span class=""b"">汉字部件构造</span> ]：丹
<br>[ <span class=""b"">笔顺编号</span> ]：3541<br>
[ <span class=""b"">笔顺读写</span> ]：撇折捺横<br>
<br><hr class=""hr""></div>","<div class=""content16"">
<span class=""zi18b"">◎ 基本解释</span><br>
丹 <br>dān <br>红色：丹砂（朱砂）。丹桂（观赏植物，花为橘红色）。丹心碧血（赤诚的忠心，珍贵的热血）。丹青。 <br>依成方制成的颗粒状或粉末状的中药：丸散膏丹。 <br>姓。 <br> <br>笔画数：4； <br>部首：丿； <br>笔顺编号：3541 <br><br><br>
</div>"
"<div class=""text16""><span class=""zi18b"">◎ 字形结构</span><br>[ <span class=""b"">首尾分解查字</span> ]：乙(yi)
<br>[ <span class=""b"">笔顺编号</span> ]：5<br>
[ <span class=""b"">笔顺读写</span> ]：折<br>
<br><hr class=""hr""></div>","<div class=""content16"">
<span class=""zi18b"">◎ 基本解释</span><br>
乀 <br>fú <br>汉字笔画的一种，从左向右斜下，亦称“捺”。 <br> <br>笔画数：1； <br>部首：丿； <br>笔顺编号：5 <br><br><br>
</div>"
"<div class=""text16""><span class=""zi18b"">◎ 字形结构</span><br>[ <span class=""b"">首尾分解查字</span> ]：乙人(yiren)
<br>[ <span class=""b"">笔顺编号</span> ]：534<br>
[ <span class=""b"">笔顺读写</span> ]：折撇捺<br>
<br><hr class=""hr""></div>","<div class=""content16"">
<span class=""zi18b"">◎ 基本解释</span><br>
乆 <br>jiǔ <br>古同“久”。 <br> <br>笔画数：3； <br>部首：丿； <br>笔顺编号：534 <br><br><br>
</div>"
"<div class=""text16""><span class=""zi18b"">◎ 字形结构</span><br>[ <span class=""b"">首尾分解查字</span> ]：丿丶(piedian)
　[ <span class=""b"">汉字部件构造</span> ]：乂
<br>[ <span class=""b"">笔顺编号</span> ]：34<br>
[ <span class=""b"">笔顺读写</span> ]：撇捺<br>
<br><hr class=""hr""></div>","<div class=""content16"">
<span class=""zi18b"">◎ 基本解释</span><br>
乂 <br>yì <br>治理，安定：乂安（太平无事）。 <br>贤才：俊乂在官。 <br>割：乂草。乂麦。 <br> <br>笔画数：2； <br>部首：丿； <br>笔顺编号：34 <br><br><br>
</div>"
"<div class=""text16""><span class=""zi18b"">◎ 字形结构</span><br>[ <span class=""b"">首尾分解查字</span> ]：乙丶(yidian)
<br>[ <span class=""b"">笔顺编号</span> ]：54<br>
[ <span class=""b"">笔顺读写</span> ]：折捺<br>
<br><hr class=""hr""></div>","<div class=""content16"">
<span class=""zi18b"">◎ 基本解释</span><br>
乄 <br>shī  mē <br>合计。 <br>手鍼，封（日本汉字）。 <br> <br>笔画数：2； <br>部首：丿； <br>笔顺编号：54 <br><br><br>
</div>"
"<div class=""text16""><span class=""zi18b"">◎ 字形结构</span><br>[ <span class=""b"">首尾分解查字</span> ]：丿小(piexiao)
　[ <span class=""b"">汉字部件构造</span> ]：乐
<br>[ <span class=""b"">笔顺编号</span> ]：35234<br>
[ <span class=""b"">笔顺读写</span> ]：撇折竖撇捺<br>
<br><hr class=""hr""></div>","<div class=""content16"">
<span class=""zi18b"">◎ 基本解释</span><br>
乐 <br>（樂） <br>lè <br>欢喜，快活：快乐。乐境。乐融融。乐不可支。其乐无穷。乐观（精神愉快，对事物的发展充满信心）。乐天（安于自己的处境而没有任何忧虑）。 <br>使人快乐的事情：取乐。逗乐。 <br>对某事甘心情愿：乐此不疲。乐善好（h刼 ）施。 <br>笑：这事太可乐了。 <br>忧苦哀悲 <br> <br>乐 <br>（樂） <br>yuè <br>　ㄩㄝˋ <br>声音，和谐成调的：音乐。声乐。乐池。乐音（有一定频率，和谐悦耳的声音）。乐歌（a.音乐与歌曲；b.有音乐伴奏的歌曲）。乐正（周代乐官之长）。乐府（原是中国汉代朝廷的音乐官署，主要任务是采集民间诗歌和乐曲；后世把这类民歌或文人模拟的作品亦称作“乐府”）。 <br>姓。 <br>忧苦哀悲 <br> <br>笔画数：5； <br>部首：丿； <br>笔顺编号：35234 <br><br><br>
</div>"
"<div class=""text16""><span class=""zi18b"">◎ 字形结构</span><br>[ <span class=""b"">首尾分解查字</span> ]：丿厶(piesi)
　[ <span class=""b"">汉字部件构造</span> ]：么
<br>[ <span class=""b"">笔顺编号</span> ]：354<br>
[ <span class=""b"">笔顺读写</span> ]：撇折捺<br>
<br><hr class=""hr""></div>","<div class=""content16"">
<span class=""zi18b"">◎ 基本解释</span><br>
么 <br>（麽） <br>me <br>词尾：怎么。这么。多么。什么。 <br>助词，表示含蓄语气，用在前半句末了：不让你去么，你又要去。 <br> <br>么 <br>yāo <br>同“幺”。 <br> <br>么 <br>mɑ <br>同“吗3”。 <br> <br>笔画数：3； <br>部首：丿； <br>笔顺编号：354 <br><br><br>
</div>"
"<div class=""text16""><span class=""zi18b"">◎ 字形结构</span><br>[ <span class=""b"">首尾分解查字</span> ]：丿一(pieheng)
　[ <span class=""b"">汉字部件构造</span> ]：乌
<br>[ <span class=""b"">笔顺编号</span> ]：3551<br>
[ <span class=""b"">笔顺读写</span> ]：撇折折横<br>
<br><hr class=""hr""></div>","<div class=""content16"">
<span class=""zi18b"">◎ 基本解释</span><br>
乌 <br>（烏） <br>wū <br>指“乌鸦”：乌白马角（喻不可能实现的事情）。乌飞兔走（喻日往月来，时间流逝）。乌合之众。 <br>黑色的：乌亮。乌云。 <br>无，没有：化为乌有。 <br>文言疑问词，哪，何：乌足道哉？ <br>古同“呜”，呜乎。 <br>姓。 <br>黑 <br> <br>笔画数：4； <br>部首：丿； <br>笔顺编号：3551 <br><br><br>
</div>"
"<div class=""text16""><span class=""zi18b"">◎ 字形结构</span><br>[ <span class=""b"">首尾分解查字</span> ]：丿乙(pieyi)
　[ <span class=""b"">汉字部件构造</span> ]：乎
<br>[ <span class=""b"">笔顺编号</span> ]：34312<br>
[ <span class=""b"">笔顺读写</span> ]：撇捺撇横竖<br>
<br><hr class=""hr""></div>","<div class=""content16"">
<span class=""zi18b"">◎ 基本解释</span><br>
乎 <br>hū <br>文言助词，表示疑问：汝识之乎（吗）？ <br>文言叹词：陛下与谁取天下乎（呀）！ <br>文言介词，相当“于”（用在动词或形容词后）：在乎。无须乎。异乎寻常。 <br>古形容词或副词后缀：巍巍乎。郁郁乎。 <br>古同“呼”，呜呼。 <br> <br>笔画数：5； <br>部首：丿； <br>笔顺编号：34312 <br><br><br>
</div>"
"<div class=""text16""><span class=""zi18b"">◎ 字形结构</span><br>[ <span class=""b"">首尾分解查字</span> ]：千北(qianbei)
　[ <span class=""b"">汉字部件构造</span> ]：千丬匕
<br>[ <span class=""b"">笔顺编号</span> ]：31221135<br>
[ <span class=""b"">笔顺读写</span> ]：撇横竖竖横横撇折<br>
<br><hr class=""hr""></div>","<div class=""content16"">
<span class=""zi18b"">◎ 基本解释</span><br>
乖 <br>guāi <br>不顺，不和谐：乖舛（谬误）。乖谬。乖戾（性情、言语、行为别扭，不合情理）。乖僻（怪僻）。乖张（怪僻，不讲情理）。出乖露丑。 <br>机灵，伶俐（多指小孩听话）：乖乖。乖巧。卖乖。乖觉（ju?）。乖顺。 <br> <br>笔画数：8； <br>部首：丿； <br>笔顺编号：31221135 <br><br><br>
</div>"
"<div class=""text16""><span class=""zi18b"">◎ 字形结构</span><br>[ <span class=""b"">首尾分解查字</span> ]：丘丿(qiupie)
　[ <span class=""b"">汉字部件构造</span> ]：丘丿
<br>[ <span class=""b"">笔顺编号</span> ]：321213<br>
[ <span class=""b"">笔顺读写</span> ]：撇竖横竖横撇<br>
<br><hr class=""hr""></div>","<div class=""content16"">
<span class=""zi18b"">◎ 基本解释</span><br>
乒 <br>pīng <br>象声词。 <br>指“乒乓球”：乒坛。乒赛。 <br> <br>笔画数：6； <br>部首：丿； <br>笔顺编号：321213 <br><br><br>
</div>"
"<div class=""text16""><span class=""zi18b"">◎ 字形结构</span><br>[ <span class=""b"">首尾分解查字</span> ]：夭丨(yaoshu)
　[ <span class=""b"">汉字部件构造</span> ]：乔
<br>[ <span class=""b"">笔顺编号</span> ]：313432<br>
[ <span class=""b"">笔顺读写</span> ]：撇横撇捺撇竖<br>
<br><hr class=""hr""></div>","<div class=""content16"">
<span class=""zi18b"">◎ 基本解释</span><br>
乔 <br>（喬） <br>qiáo <br>高：乔木。乔松。乔岳。乔迁（自低处升高处。后喻人搬到好地方居住或升官）。 <br>木名：乔梓。 <br>做假，装：乔装。 <br>无赖，狡诈：乔才。 <br>姓。 <br>Joe <br> <br>笔画数：6； <br>部首：丿； <br>笔顺编号：313432 <br><br><br>
</div>"
"<div class=""text16""><span class=""zi18b"">◎ 字形结构</span><br>[ <span class=""b"">首尾分解查字</span> ]：丷丨(bashu)
　[ <span class=""b"">汉字部件构造</span> ]：丫
<br>[ <span class=""b"">笔顺编号</span> ]：432<br>
[ <span class=""b"">笔顺读写</span> ]：捺撇竖<br>
<br><hr class=""hr""></div>","<div class=""content16"">
<span class=""zi18b"">◎ 基本解释</span><br>
丫 <br>yā <br>分杈的：树丫。丫杈。 <br>像树枝的分杈：丫头（ａ．古代女孩子头上梳双髻，如树丫杈，因以称女孩子；ｂ．指受役使的女孩子，亦称“丫鬟”。“头”、“鬟”均读轻声）。脚丫子。 <br> <br>笔画数：3； <br>部首：丨； <br>笔顺编号：432 <br><br><br>
</div>"
"<div class=""text16""><span class=""zi18b"">◎ 字形结构</span><br>[ <span class=""b"">首尾分解查字</span> ]：禾北(hebei)
　[ <span class=""b"">汉字部件构造</span> ]：禾丬匕
<br>[ <span class=""b"">笔顺编号</span> ]：3122113534<br>
[ <span class=""b"">笔顺读写</span> ]：撇横竖竖横横撇折撇捺<br>
<br><hr class=""hr""></div>","<div class=""content16"">
<span class=""zi18b"">◎ 基本解释</span><br>
乘 <br>chéng <br>骑，坐：乘马。乘车。乘客。乘警。 <br>趁着，就着：乘便。乘机（趁着机会）。乘势。乘兴（x宯g ）。因利乘便。 <br>算术中指一个数使另一个数变成若干倍：乘法。乘幂（m?）。乘数。 <br>佛教的教派或教法：大乘。小乘。上乘。下乘。 <br>姓。 <br> <br>乘 <br>shèng <br>　ㄕㄥˋ <br>古代称兵车，四马一车为一乘：乘舆。千乘之国。 <br>古代称四为乘：乘矢。乘壶。“以乘韦先牛十二犒师”。 <br>中国春秋时晋国的史书称“乘”，后通称一般的史书：史乘。野乘。 <br> <br>笔画数：10； <br>部首：丿； <br>笔顺编号：3122113534 <br><br><br>
</div>"
"<div class=""text16""><span class=""zi18b"">◎ 字形结构</span><br>[ <span class=""b"">首尾分解查字</span> ]：丿乙(pieyi)
<br>[ <span class=""b"">笔顺编号</span> ]：352<br>
[ <span class=""b"">笔顺读写</span> ]：撇折竖<br>
<br><hr class=""hr""></div>","<div class=""content16"">
<span class=""zi18b"">◎ 基本解释</span><br>
亇 <br>mā <br>铁锤（韩国汉字）。 <br> <br>笔画数：3； <br>部首：丿； <br>笔顺编号：352 <br><br><br>
</div>"
"<div class=""text16""><span class=""zi18b"">◎ 字形结构</span><br>[ <span class=""b"">首尾分解查字</span> ]：丿王(piewang)
<br>[ <span class=""b"">笔顺编号</span> ]：31121<br>
[ <span class=""b"">笔顺读写</span> ]：撇横横竖横<br>
<br><hr class=""hr""></div>","<div class=""content16"">
<span class=""zi18b"">◎ 基本解释</span><br>
玍 <br>gǎ <br>方言，（脾气）怪僻。 <br>方言，调皮。 <br> <br>笔画数：5； <br>部首：丿； <br>笔顺编号：31121 <br><br><br>
</div>"
"<div class=""text16""><span class=""zi18b"">◎ 字形结构</span><br>[ <span class=""b"">首尾分解查字</span> ]：口丨(koushu)
　[ <span class=""b"">汉字部件构造</span> ]：中
<br>[ <span class=""b"">笔顺编号</span> ]：2512<br>
[ <span class=""b"">笔顺读写</span> ]：竖折横竖<br>
<br><hr class=""hr""></div>","<div class=""content16"">
<span class=""zi18b"">◎ 基本解释</span><br>
中 <br>zhōng <br>和四方、上下或两端距离同等的地位：中心。当中。中原。中华。 <br>在一定范围内，里面：暗中。房中。中饱。 <br>性质或等级在两端之间的：中辍（中途停止进行）。中等。中流砥柱。 <br>表示动作正在进行：在研究中。 <br>特指“中国”：中式。中文。 <br>适于，合于：中看。 <br>外西洋 <br> <br>中 <br>zhòng <br>恰好合上：中选。中奖。中意（会意，满意）。 <br>受到，遭受：中毒。中计。 <br>科举考试被录取：中举。中状元。 <br>外西洋 <br> <br>笔画数：4； <br>部首：丨； <br>笔顺编号：2512 <br><br><br>
</div>"
